ZIP,2010 Census Population,FIPS Code,StCtyCode,County Name,Zip Code Designation
99546,* 525,2016,2016,ALEUTIANS WEST,Low Income Area/HPSA
99551,* 104,2050,2050,BETHEL,Low Income Area/HPSA
99553,"* 1,027",2013,2013,ALEUTIANS EAST,Low Income Area/HPSA
99554,"* 1,439",2270,2270,WADE HAMPTON,Low Income Area/HPSA
99555,* 219,2070,2070,DILLINGHAM,Low Income Area/HPSA
99720,* 32,2290,2290,YUKON-KOYUKUK,Low Income Area/HPSA
99721,* 324,2185,2185,NORTH SLOPE,Low Income Area/HPSA
99556,"* 2,512",2122,2122,KENAI PENINSULA,Low Income Area
99501,"* 17,943",2020,2020,ANCHORAGE,Low Income Area
99503,"* 14,497",2020,2020,ANCHORAGE,Low Income Area
99508,"* 35,833",2020,2020,ANCHORAGE,Low Income Area
99744,* 66,2068,2068,DENALI ,HPSA
99820,* 479,2105,2030,ANGOON ,Low Income Area/HPSA
99557,* 333,2050,2050,BETHEL,Low Income Area/HPSA
99558,* 279,2290,2290,YUKON-KOYUKUK,Low Income Area/HPSA
99722,* 152,2290,2290,YUKON-KOYUKUK,Low Income Area/HPSA
99547,* 61,2016,2016,ALEUTIANS WEST,Low Income Area/HPSA
99723,"* 4,715",2185,2185,NORTH SLOPE,HPSA
99724,* 84,2290,2290,YUKON-KOYUKUK,Low Income Area/HPSA
99559,"* 11,725",2050,2050,BETHEL,Low Income Area/HPSA
99726,* 76,2290,2290,YUKON-KOYUKUK,Low Income Area/HPSA
99785,* 388,2180,2180,NOME,Low Income Area/HPSA
99727,* 416,2188,2188,NORTHWEST ARTIC,Low Income Area/HPSA
99729,* 320,2068,2068,DENALI ,HPSA
99730,* 121,2290,2290,YUKON-KOYUKUK,Low Income Area/HPSA
99561,* 418,2050,2050,BETHEL,Low Income Area/HPSA
99564,* 91,2164,2164,LAKE AND PENINSULA,Low Income Area/HPSA
99565,* 78,2164,2164,LAKE AND PENINSULA,Low Income Area/HPSA
99733,* 39,2290,2290,YUKON-KOYUKUK,Low Income Area/HPSA
99569,* 66,2070,2070,DILLINGHAM,Low Income Area/HPSA
99704,* 345,2068,2068,DENALI ,Low Income Area/HPSA
99571,* 163,2013,2013,ALEUTIANS EAST,Low Income Area/HPSA
99573,"* 1,869",2261,2260,VALDZ-CHITNA-WHITIER ,Low Income Area/HPSA
99574,"* 2,256",2261,2260,VALDZ-CHITNA-WHITIER ,HPSA
99921,"* 1,534",2198,2200,PRINCE OF WALES ,Low Income Area/HPSA
99575,* 1,2050,2050,BETHEL,HPSA
99736,* 122,2188,2188,NORTHWEST ARTIC,Low Income Area/HPSA
99737,"* 4,981",2240,2240,SOUTHEAST FAIRBANKS,HPSA
99755,* 21,2068,2068,DENALI ,HPSA
99576,"* 3,239",2070,2070,DILLINGHAM,Low Income Area/HPSA
99578,* 669,2050,2050,BETHEL,Low Income Area/HPSA
99579,* 66,2164,2164,LAKE AND PENINSULA,Low Income Area/HPSA
99702,"* 2,668",2090,2090,FAIRBANKS NORTH STAR,HPSA
99580,* 115,2070,2070,DILLINGHAM,Low Income Area/HPSA
99825,* 22,2105,2030,ANGOON ,Low Income Area/HPSA
99739,* 330,2180,2180,NOME,Low Income Area/HPSA
99506,"* 7,749",2020,2020,ANCHORAGE,Low Income Area
99701,"* 18,695",2090,2090,FAIRBANKS NORTH STAR,Low Income Area/HPSA
99709,"* 31,033",2090,2090,FAIRBANKS NORTH STAR,HPSA
99712,* 2,2090,2090,FAIRBANKS NORTH STAR,HPSA
99712,"* 14,090",2090,2090,FAIRBANKS NORTH STAR,HPSA
99583,* 35,2013,2013,ALEUTIANS EAST,Low Income Area/HPSA
99505,"* 6,174",2020,2020,ANCHORAGE,Low Income Area
99703,"* 7,325",2090,2090,FAIRBANKS NORTH STAR,Low Income Area/HPSA
99740,* 616,2290,2290,YUKON-KOYUKUK,Low Income Area/HPSA
99586,* 291,2261,2260,VALDZ-CHITNA-WHITIER ,Low Income Area/HPSA
99741,* 90,2290,2290,YUKON-KOYUKUK,Low Income Area/HPSA
99742,* 681,2180,2180,NOME,Low Income Area/HPSA
99588,* 792,2261,2260,VALDZ-CHITNA-WHITIER ,Low Income Area/HPSA
99589,* 243,2050,2050,BETHEL,Low Income Area/HPSA
99826,* 517,2105,2030,ANGOON ,Low Income Area/HPSA
99827,* 95,2100,2100,HAINES,HPSA
99743,"* 1,419",2068,2068,DENALI ,HPSA
99743,* 164,2068,2068,DENALI ,HPSA
99602,* 178,2290,2290,YUKON-KOYUKUK,Low Income Area/HPSA
99603,"* 10,252",2122,2122,KENAI PENINSULA,Low Income Area
99829,"* 1,037",2105,2030,ANGOON ,Low Income Area/HPSA
99604,"* 2,031",2270,2270,WADE HAMPTON,Low Income Area/HPSA
99745,* 12,2290,2290,YUKON-KOYUKUK,Low Income Area/HPSA
99746,* 254,2290,2290,YUKON-KOYUKUK,Low Income Area/HPSA
99922,* 493,2198,2200,PRINCE OF WALES ,Low Income Area/HPSA
99923,* 92,2198,2200,PRINCE OF WALES ,HPSA
99606,* 311,2164,2164,LAKE AND PENINSULA,Low Income Area/HPSA
99801,* 3,2110,2110,JUNEAU,HPSA
99747,* 239,2185,2185,NORTH SLOPE,Low Income Area/HPSA
99607,* 210,2050,2050,BETHEL,Low Income Area/HPSA
99748,* 190,2290,2290,YUKON-KOYUKUK,Low Income Area/HPSA
99950,* 808,2130,2130,KETCHIKAN GATEWAY,Low Income Area/HPSA
99901,"* 12,167",2130,2130,KETCHIKAN GATEWAY,HPSA
99749,* 636,2188,2188,NORTHWEST ARTIC,Low Income Area/HPSA
99612,* 938,2013,2013,ALEUTIANS EAST,Low Income Area/HPSA
99613,* 229,2060,2060,BRISTOL BAY BOROUGH,HPSA
99614,* 365,2050,2050,BETHEL,Low Income Area/HPSA
99750,"* 1,223",2188,2188,NORTHWEST ARTIC,Low Income Area/HPSA
99925,* 793,2198,2200,PRINCE OF WALES ,Low Income Area/HPSA
99751,* 414,2188,2188,NORTHWEST ARTIC,Low Income Area/HPSA
99620,* 577,2270,2270,WADE HAMPTON,Low Income Area/HPSA
99752,"* 3,871",2188,2188,NORTHWEST ARTIC,Low Income Area/HPSA
99753,* 332,2180,2180,NOME,Low Income Area/HPSA
99621,* 181,2050,2050,BETHEL,Low Income Area/HPSA
99622,* 59,2050,2050,BETHEL,Low Income Area/HPSA
99757,* 13,2290,2290,YUKON-KOYUKUK,Low Income Area/HPSA
99625,* 293,2164,2164,LAKE AND PENINSULA,Low Income Area/HPSA
99626,* 282,2050,2050,BETHEL,Low Income Area/HPSA
99756,* 97,2290,2290,YUKON-KOYUKUK,Low Income Area/HPSA
99628,* 442,2070,2070,DILLINGHAM,Low Income Area/HPSA
99585,* 726,2270,2270,WADE HAMPTON,Low Income Area/HPSA
99627,* 411,2290,2290,YUKON-KOYUKUK,Low Income Area/HPSA
99630,* 191,2050,2050,BETHEL,Low Income Area/HPSA
99926,"* 1,490",2198,2200,PRINCE OF WALES ,Low Income Area/HPSA
99903,* 20,2275,2275,Wrangell City and Borough,Low Income Area
99758,* 214,2290,2290,YUKON-KOYUKUK,Low Income Area/HPSA
99632,"* 1,002",2270,2270,WADE HAMPTON,Low Income Area/HPSA
99634,* 184,2050,2050,BETHEL,Low Income Area/HPSA
99760,* 177,2290,2290,YUKON-KOYUKUK,Low Income Area/HPSA
99636,* 719,2070,2070,DILLINGHAM,Low Income Area/HPSA
99691,* 94,2290,2290,YUKON-KOYUKUK,Low Income Area/HPSA
99638,* 18,2016,2016,ALEUTIANS WEST,Low Income Area/HPSA
99639,* 978,2122,2122,KENAI PENINSULA,Low Income Area
99762,"* 3,931",2180,2180,NOME,HPSA
99640,* 164,2164,2164,LAKE AND PENINSULA,Low Income Area/HPSA
99763,* 841,2188,2188,NORTHWEST ARTIC,Low Income Area/HPSA
99705,"* 22,406",2090,2090,FAIRBANKS NORTH STAR,HPSA
99789,* 209,2185,2185,NORTH SLOPE,Low Income Area/HPSA
99765,* 822,2290,2290,YUKON-KOYUKUK,Low Income Area/HPSA
99647,* 41,2164,2164,LAKE AND PENINSULA,Low Income Area/HPSA
99648,* 113,2164,2164,LAKE AND PENINSULA,Low Income Area/HPSA
99649,* 80,2164,2164,LAKE AND PENINSULA,Low Income Area/HPSA
99651,* 68,2050,2050,BETHEL,Low Income Area/HPSA
99927,* 94,2198,2200,PRINCE OF WALES ,Low Income Area/HPSA
99766,* 674,2185,2185,NORTH SLOPE,Low Income Area/HPSA
99759,* 189,2185,2185,NORTH SLOPE,Low Income Area/HPSA
99653,* 6,2164,2164,LAKE AND PENINSULA,Low Income Area/HPSA
99549,* 102,2164,2164,LAKE AND PENINSULA,Low Income Area/HPSA
99734,"* 2,361",2185,2185,NORTH SLOPE,HPSA
99655,* 296,2050,2050,BETHEL,Low Income Area/HPSA
99656,* 103,2050,2050,BETHEL,Low Income Area/HPSA
99768,* 156,2290,2290,YUKON-KOYUKUK,Low Income Area/HPSA
99657,* 6,2270,2270,WADE HAMPTON,Low Income Area/HPSA
99591,* 102,2016,2016,ALEUTIANS WEST,Low Income Area/HPSA
99658,* 616,2270,2270,WADE HAMPTON,Low Income Area/HPSA
99659,* 401,2180,2180,NOME,Low Income Area/HPSA
99660,* 479,2016,2016,ALEUTIANS WEST,Low Income Area/HPSA
99714,"* 1,364",2090,2090,FAIRBANKS NORTH STAR,Low Income Area/HPSA
99661,* 978,2013,2013,ALEUTIANS EAST,Low Income Area/HPSA
99769,* 671,2180,2180,NOME,Low Income Area/HPSA
99662,* 480,2270,2270,WADE HAMPTON,Low Income Area/HPSA
99665,* 83,2290,2290,YUKON-KOYUKUK,Low Income Area/HPSA
99771,* 251,2180,2180,NOME,Low Income Area/HPSA
99772,* 563,2180,2180,NOME,Low Income Area/HPSA
99840,* 968,2230,2230,Skagway,Low Income Area/HPSA
99668,* 6,2050,2050,BETHEL,Low Income Area/HPSA
99670,* 766,2060,2060,BRISTOL BAY BOROUGH,HPSA
99671,* 556,2180,2180,NOME,Low Income Area/HPSA
99676,"* 2,118",2170,2170,MATANUSKA-SUSITNA,Low Income Area/HPSA
99777,* 246,2290,2290,YUKON-KOYUKUK,Low Income Area/HPSA
99778,* 90,2180,2180,NOME,Low Income Area/HPSA
99919,* 290,2198,2200,PRINCE OF WALES ,Low Income Area/HPSA
99780,"* 2,048",2240,2240,SOUTHEAST FAIRBANKS,Low Income Area/HPSA
99679,* 373,2050,2050,BETHEL,Low Income Area/HPSA
99681,"* 1,197",2050,2050,BETHEL,Low Income Area/HPSA
99682,* 321,2122,2122,KENAI PENINSULA,Low Income Area
99684,* 688,2180,2180,NOME,Low Income Area/HPSA
99685,"* 4,376",2016,2016,ALEUTIANS WEST,Low Income Area/HPSA
99686,* 8,2261,2260,VALDZ-CHITNA-WHITIER ,HPSA
99781,* 149,2290,2290,YUKON-KOYUKUK,Low Income Area/HPSA
99782,* 556,2185,2185,NORTH SLOPE,Low Income Area/HPSA
99783,* 264,2180,2180,NOME,Low Income Area/HPSA
99784,* 346,2180,2180,NOME,Low Income Area/HPSA
99688,"* 4,038",2170,2170,MATANUSKA-SUSITNA,HPSA
99929,"* 2,341",2275,2275,Wrangell City and Borough,Low Income Area
99689,* 662,2282,2282,YAKUTAT BOROUGH ,HPSA
36310,"* 6,713",1067,1330,HENRY,Low Income Area/HPSA
35005,"* 7,999",1073,1360,JEFFERSON,Low Income Area
35540,"* 2,680",1133,1660,WINSTON,Low Income Area/HPSA
35006,* 60,1073,1360,JEFFERSON,HPSA
35006,* 8,1073,1360,JEFFERSON,HPSA
35441,"* 1,215",1065,1320,HALE,Low Income Area/HPSA
36720,"* 1,014",1131,1650,WILCOX,Low Income Area/HPSA
35950,"* 20,482",1095,1470,MARSHALL,Low Income Area/HPSA
35951,"* 13,598",1095,1470,MARSHALL,Low Income Area/HPSA
35010,"* 20,692",1123,1610,TALLAPOOSA,Low Income Area/HPSA
36250,"* 4,621",1015,1070,CALHOUN,Low Income Area
35442,"* 5,029",1107,1530,PICKENS,Low Income Area/HPSA
35014,"* 4,150",1121,1600,TALLADEGA,Low Income Area/HPSA
35952,"* 7,786",1055,1270,ETOWAH,Low Income Area/HPSA
36420,"* 12,619",1039,1190,COVINGTON,Low Income Area/HPSA
36421,"* 4,604",1039,1190,COVINGTON,Low Income Area
35610,* 310,1077,1380,LAUDERDALE,HPSA
35610,"* 1,753",1077,1380,LAUDERDALE,HPSA
36201,"* 19,890",1015,1070,CALHOUN,Low Income Area
36205,* 709,1015,1070,CALHOUN,Low Income Area
36206,"* 11,451",1015,1070,CALHOUN,Low Income Area
35016,"* 16,808",1095,1470,MARSHALL,Low Income Area/HPSA
35739,"* 4,936",1083,1410,LIMESTONE,Low Income Area/HPSA
36311,"* 2,815",1045,1220,DALE,Low Income Area/HPSA
35541,"* 3,547",1133,1660,WINSTON,Low Income Area/HPSA
36722,* 567,1131,1650,WILCOX,Low Income Area/HPSA
36312,"* 6,218",1069,1340,HOUSTON,Low Income Area/HPSA
36251,"* 5,183",1027,1130,CLAY,Low Income Area/HPSA
35953,"* 7,051",1115,1570,ST. CLAIR,Low Income Area
35611,"* 25,259",1083,1410,LIMESTONE,Low Income Area/HPSA
35614,"* 7,341",1083,1410,LIMESTONE,Low Income Area/HPSA
35613,"* 18,138",1083,1410,LIMESTONE,HPSA
36502,"* 18,443",1053,1260,ESCAMBIA,Low Income Area/HPSA
35954,"* 12,509",1055,1270,ETOWAH,Low Income Area/HPSA
36830,"* 34,911",1081,1400,LEE,Low Income Area/HPSA
36832,"* 21,703",1081,1400,LEE,Low Income Area/HPSA
36849,"* 2,858",1081,1400,LEE,Low Income Area/HPSA
36003,"* 1,927",1001,1000,AUTAUGA,Low Income Area/HPSA
36505,"* 1,861",1097,1480,MOBILE,HPSA
35019,"* 2,133",1043,1210,CULLMAN,Low Income Area/HPSA
36005,"* 1,497",1109,1540,PIKE,Low Income Area/HPSA
35542,"* 1,089",1057,1280,FAYETTE,Low Income Area/HPSA
36507,"* 19,621",1003,1010,BALDWIN,Low Income Area/HPSA
36509,"* 2,003",1097,1480,MOBILE,Low Income Area/HPSA
35543,"* 1,146",1093,1460,MARION,Low Income Area
36425,"* 1,118",1099,1490,MONROE,Low Income Area/HPSA
35544,* 754,1075,1370,LAMAR,Low Income Area/HPSA
35546,"* 4,018",1057,1280,FAYETTE,Low Income Area/HPSA
35020,"* 26,766",1073,1360,JEFFERSON,Low Income Area/HPSA
35022,"* 1,147",1073,1360,JEFFERSON,HPSA
36006,"* 1,696",1001,1000,AUTAUGA,Low Income Area/HPSA
35203,"* 3,755",1073,1360,JEFFERSON,Low Income Area/HPSA
35204,"* 11,786",1073,1360,JEFFERSON,Low Income Area/HPSA
35205,"* 19,575",1073,1360,JEFFERSON,Low Income Area/HPSA
35206,"* 17,049",1073,1360,JEFFERSON,Low Income Area/HPSA
35207,"* 9,178",1073,1360,JEFFERSON,Low Income Area/HPSA
35208,"* 14,864",1073,1360,JEFFERSON,Low Income Area/HPSA
35209,"* 29,119",1073,1360,JEFFERSON,Low Income Area/HPSA
35211,"* 25,930",1073,1360,JEFFERSON,Low Income Area/HPSA
35212,"* 11,620",1073,1360,JEFFERSON,Low Income Area/HPSA
35214,"* 19,380",1073,1360,JEFFERSON,Low Income Area/HPSA
35215,"* 46,431",1073,1360,JEFFERSON,Low Income Area/HPSA
35217,"* 13,606",1073,1360,JEFFERSON,Low Income Area/HPSA
35218,"* 7,260",1073,1360,JEFFERSON,Low Income Area/HPSA
35221,"* 4,895",1073,1360,JEFFERSON,Low Income Area/HPSA
35222,"* 7,704",1073,1360,JEFFERSON,Low Income Area/HPSA
35224,"* 6,317",1073,1360,JEFFERSON,Low Income Area/HPSA
35228,"* 10,287",1073,1360,JEFFERSON,Low Income Area/HPSA
35233,"* 1,336",1073,1360,JEFFERSON,Low Income Area/HPSA
35234,"* 6,294",1073,1360,JEFFERSON,Low Income Area/HPSA
35254,* 22,1073,1360,JEFFERSON,Low Income Area/HPSA
35210,* 704,1073,1360,JEFFERSON,HPSA
36314,* 560,1061,1300,GENEVA,Low Income Area/HPSA
35031,"* 7,963",1009,1040,BLOUNT,Low Income Area/HPSA
35957,"* 15,641",1095,1470,MARSHALL,Low Income Area/HPSA
35956,"* 8,776",1055,1270,ETOWAH,Low Income Area/HPSA
35443,* 866,1063,1310,GREENE,Low Income Area/HPSA
36511,* 634,1003,1010,BALDWIN,Low Income Area/HPSA
36009,"* 2,684",1041,1200,CRENSHAW,Low Income Area/HPSA
35033,"* 3,376",1043,1210,CULLMAN,Low Income Area/HPSA
35034,"* 5,580",1007,1030,BIBB,Low Income Area/HPSA
36426,"* 15,967",1053,1260,ESCAMBIA,Low Income Area/HPSA
35740,"* 3,516",1071,1350,JACKSON,Low Income Area/HPSA
35035,"* 1,556",1007,1030,BIBB,Low Income Area/HPSA
35548,"* 1,665",1093,1460,MARION,Low Income Area
35444,"* 3,566",1125,1620,TUSCALOOSA,HPSA
36010,"* 4,068",1109,1540,PIKE,Low Income Area
35958,"* 3,763",1071,1350,JACKSON,Low Income Area/HPSA
35446,"* 1,890",1125,1620,TUSCALOOSA,Low Income Area/HPSA
36401,"* 7,869",1035,1170,CONECUH,Low Income Area/HPSA
36904,"* 4,245",1023,1110,CHOCTAW,Low Income Area/HPSA
35040,"* 1,532",1117,1580,SHELBY,HPSA
36726,"* 4,740",1131,1650,WILCOX,Low Income Area/HPSA
36850,"* 2,684",1123,1610,TALLAPOOSA,Low Income Area/HPSA
36727,* 122,1025,1120,CLARKE,Low Income Area/HPSA
35549,"* 4,284",1127,1630,WALKER,Low Income Area/HPSA
36515,* 1,1025,1120,CLARKE,Low Income Area/HPSA
35447,"* 3,962",1107,1530,PICKENS,Low Income Area/HPSA
36432,"* 3,081",1035,1170,CONECUH,Low Income Area/HPSA
36728,* 601,1131,1650,WILCOX,Low Income Area/HPSA
36013,* 632,1101,1500,MONTGOMERY,Low Income Area/HPSA
35959,"* 4,786",1019,1090,CHEROKEE,Low Income Area/HPSA
35960,"* 10,118",1019,1090,CHEROKEE,Low Income Area/HPSA
35042,"* 5,975",1007,1030,BIBB,Low Income Area/HPSA
36316,"* 1,883",1061,1300,GENEVA,Low Income Area/HPSA
36518,"* 3,364",1129,1640,WASHINGTON,Low Income Area/HPSA
35616,"* 4,232",1033,1160,COLBERT,Low Income Area/HPSA
35044,"* 8,201",1121,1600,TALLADEGA,Low Income Area/HPSA
36521,"* 5,255",1097,1480,MOBILE,Low Income Area/HPSA
36522,"* 6,948",1097,1480,MOBILE,Low Income Area/HPSA
35045,"* 14,407",1021,1100,CHILTON,Low Income Area/HPSA
35046,"* 5,195",1021,1100,CHILTON,Low Income Area/HPSA
36016,"* 5,255",1005,1020,BARBOUR,Low Income Area/HPSA
35049,"* 4,306",1009,1040,BLOUNT,Low Income Area/HPSA
36017,"* 3,352",1005,1020,BARBOUR,Low Income Area/HPSA
36317,* 689,1067,1330,HENRY,Low Income Area/HPSA
36523,"* 2,830",1097,1480,MOBILE,Low Income Area/HPSA
36318,"* 1,292",1061,1300,GENEVA,Low Income Area/HPSA
36524,"* 1,193",1025,1120,CLARKE,Low Income Area/HPSA
35452,"* 4,014",1125,1620,TUSCALOOSA,HPSA
35961,"* 6,306",1049,1240,DE KALB,Low Income Area/HPSA
36319,"* 2,427",1069,1340,HOUSTON,Low Income Area/HPSA
35051,"* 8,835",1117,1580,SHELBY,Low Income Area
36020,"* 1,092",1051,1250,ELMORE,Low Income Area/HPSA
35550,"* 5,796",1127,1630,WALKER,Low Income Area/HPSA
35453,"* 10,848",1125,1620,TUSCALOOSA,HPSA
36320,"* 4,097",1069,1340,HOUSTON,Low Income Area/HPSA
35618,"* 1,862",1079,1390,LAWRENCE,Low Income Area/HPSA
36321,"* 1,737",1069,1340,HOUSTON,Low Income Area/HPSA
36435,* 840,1131,1650,WILCOX,Low Income Area/HPSA
36255,"* 1,016",1027,1130,CLAY,Low Income Area/HPSA
35053,"* 2,454",1043,1210,CULLMAN,Low Income Area/HPSA
36525,"* 1,564",1097,1480,MOBILE,Low Income Area/HPSA
35054,"* 3,818",1115,1570,ST. CLAIR,Low Income Area
35962,"* 8,140",1049,1240,DE KALB,Low Income Area/HPSA
36907,"* 1,713",1119,1590,SUMTER,Low Income Area/HPSA
35055,"* 19,388",1043,1210,CULLMAN,Low Income Area/HPSA
35057,"* 12,827",1043,1210,CULLMAN,Low Income Area/HPSA
35058,"* 10,402",1043,1210,CULLMAN,Low Income Area/HPSA
36852,"* 2,174",1081,1400,LEE,Low Income Area/HPSA
36853,"* 8,276",1123,1610,TALLAPOOSA,Low Income Area/HPSA
36322,"* 8,412",1045,1220,DALE,Low Income Area/HPSA
35619,"* 5,520",1079,1390,LAWRENCE,Low Income Area/HPSA
36528,"* 1,237",1097,1480,MOBILE,Low Income Area/HPSA
36256,"* 1,431",1123,1610,TALLAPOOSA,Low Income Area
35963,"* 1,587",1049,1240,DE KALB,Low Income Area/HPSA
36022,"* 11,755",1051,1250,ELMORE,HPSA
36022,"* 2,336",1051,1250,ELMORE,HPSA
35601,"* 34,445",1103,1510,MORGAN,Low Income Area/HPSA
35603,* 124,1103,1510,MORGAN,HPSA
35603,"* 29,917",1103,1510,MORGAN,HPSA
36529,* 981,1129,1640,WASHINGTON,Low Income Area/HPSA
36258,"* 1,884",1027,1130,CLAY,Low Income Area/HPSA
36732,"* 8,423",1091,1450,MARENGO,Low Income Area/HPSA
35552,"* 1,081",1093,1460,MARION,Low Income Area/HPSA
36436,* 622,1025,1120,CLARKE,Low Income Area/HPSA
36736,"* 1,220",1091,1450,MARENGO,Low Income Area/HPSA
35061,"* 1,454",1073,1360,JEFFERSON,Low Income Area
35062,"* 8,082",1073,1360,JEFFERSON,Low Income Area/HPSA
36301,"* 35,671",1069,1340,HOUSTON,Low Income Area/HPSA
36303,"* 30,251",1069,1340,HOUSTON,Low Income Area/HPSA
36305,* 580,1069,1340,HOUSTON,HPSA
36305,"* 13,602",1069,1340,HOUSTON,HPSA
35553,"* 4,618",1133,1660,WINSTON,Low Income Area/HPSA
36028,* 695,1039,1190,COVINGTON,Low Income Area/HPSA
35456,* 2,1125,1620,TUSCALOOSA,HPSA
35456,"* 3,607",1125,1620,TUSCALOOSA,HPSA
35744,"* 2,846",1071,1350,JACKSON,Low Income Area/HPSA
36260,"* 4,068",1015,1070,CALHOUN,Low Income Area/HPSA
35457,* 111,1125,1620,TUSCALOOSA,Low Income Area/HPSA
36024,"* 5,117",1051,1250,ELMORE,HPSA
36024,* 437,1051,1250,ELMORE,HPSA
36613,"* 13,200",1097,1480,MOBILE,Low Income Area/HPSA
36323,"* 7,672",1031,1150,COFFEE,Low Income Area/HPSA
36530,"* 6,868",1003,1010,BALDWIN,Low Income Area/HPSA
35554,"* 1,130",1057,1280,FAYETTE,Low Income Area/HPSA
35620,"* 9,282",1083,1410,LIMESTONE,Low Income Area/HPSA
36025,"* 3,792",1051,1250,ELMORE,Low Income Area/HPSA
35458,* 646,1125,1620,TUSCALOOSA,HPSA
35459,* 784,1119,1590,SUMTER,Low Income Area/HPSA
35063,"* 4,314",1127,1630,WALKER,Low Income Area/HPSA
36330,"* 35,932",1031,1150,COFFEE,Low Income Area/HPSA
35460,"* 1,030",1119,1590,SUMTER,Low Income Area/HPSA
36026,* 947,1037,1180,COOSA,HPSA
36026,* 277,1037,1180,COOSA,HPSA
36026,* 131,1037,1180,COOSA,HPSA
35745,* 295,1071,1350,JACKSON,Low Income Area/HPSA
35461,"* 1,795",1107,1530,PICKENS,Low Income Area/HPSA
36027,"* 16,133",1005,1020,BARBOUR,Low Income Area/HPSA
35462,"* 5,784",1063,1310,GREENE,Low Income Area/HPSA
35621,"* 2,971",1103,1510,MORGAN,Low Income Area/HPSA
35746,* 661,1071,1350,JACKSON,Low Income Area/HPSA
35064,"* 11,340",1073,1360,JEFFERSON,Low Income Area/HPSA
36532,"* 16,598",1003,1010,BALDWIN,HPSA
35622,"* 7,235",1103,1510,MORGAN,Low Income Area/HPSA
36738,* 843,1091,1450,MARENGO,Low Income Area/HPSA
35555,"* 10,149",1057,1280,FAYETTE,Low Income Area/HPSA
36029,* 828,1087,1430,MACON,Low Income Area/HPSA
36855,"* 1,773",1017,1080,CHAMBERS,Low Income Area/HPSA
35966,"* 3,850",1071,1350,JACKSON,Low Income Area/HPSA
36441,"* 3,629",1053,1260,ESCAMBIA,Low Income Area/HPSA
36442,"* 3,681",1039,1190,COVINGTON,Low Income Area/HPSA
35630,"* 32,257",1077,1380,LAUDERDALE,Low Income Area/HPSA
35633,"* 21,314",1077,1380,LAUDERDALE,Low Income Area/HPSA
35634,"* 11,219",1077,1380,LAUDERDALE,HPSA
36535,"* 27,278",1003,1010,BALDWIN,Low Income Area/HPSA
36030,* 743,1013,1060,BUTLER,Low Income Area/HPSA
36740,"* 1,955",1063,1310,GREENE,Low Income Area/HPSA
36031,* 63,1087,1430,MACON,Low Income Area/HPSA
36032,"* 2,363",1085,1420,LOWNDES,Low Income Area/HPSA
36856,"* 3,530",1113,1560,RUSSELL,Low Income Area/HPSA
35967,"* 16,804",1049,1240,DE KALB,Low Income Area/HPSA
35968,"* 4,374",1049,1240,DE KALB,Low Income Area/HPSA
36362,"* 4,279",1045,1220,DALE,Low Income Area/HPSA
35463,"* 1,231",1125,1620,TUSCALOOSA,HPSA
36444,* 722,1099,1490,MONROE,Low Income Area/HPSA
36538,* 408,1129,1640,WASHINGTON,Low Income Area/HPSA
36445,"* 5,295",1099,1490,MONROE,Low Income Area/HPSA
36539,* 914,1129,1640,WASHINGTON,Low Income Area/HPSA
36262,"* 1,468",1029,1140,CLEBURNE,Low Income Area/HPSA
36446,* 220,1025,1120,CLARKE,Low Income Area/HPSA
35971,"* 4,764",1049,1240,DE KALB,Low Income Area/HPSA
35901,"* 20,083",1055,1270,ETOWAH,Low Income Area/HPSA
35903,"* 18,258",1055,1270,ETOWAH,Low Income Area/HPSA
35904,"* 14,330",1055,1270,ETOWAH,Low Income Area
35906,"* 9,846",1055,1270,ETOWAH,Low Income Area
36540,* 749,1025,1120,CLARKE,Low Income Area/HPSA
35464,* 252,1119,1590,SUMTER,Low Income Area/HPSA
35972,* 931,1055,1270,ETOWAH,Low Income Area
36742,"* 2,368",1091,1450,MARENGO,Low Income Area/HPSA
36038,"* 3,807",1039,1190,COVINGTON,Low Income Area
35973,"* 3,104",1019,1090,CHEROKEE,Low Income Area/HPSA
36340,"* 5,847",1061,1300,GENEVA,Low Income Area/HPSA
36033,"* 4,174",1013,1060,BUTLER,Low Income Area/HPSA
35974,"* 1,574",1049,1240,DE KALB,Low Income Area/HPSA
36908,"* 2,196",1023,1110,CHOCTAW,Low Income Area/HPSA
36034,* 609,1041,1200,CRENSHAW,Low Income Area/HPSA
35072,"* 4,700",1037,1180,COOSA,Low Income Area/HPSA
35466,"* 6,073",1107,1530,PICKENS,Low Income Area/HPSA
36343,"* 1,358",1069,1340,HOUSTON,Low Income Area/HPSA
36035,"* 1,832",1109,1540,PIKE,Low Income Area/HPSA
36036,"* 1,821",1101,1500,MONTGOMERY,Low Income Area/HPSA
36263,* 680,1111,1550,RANDOLPH,Low Income Area/HPSA
36541,"* 16,266",1097,1480,MOBILE,Low Income Area/HPSA
35747,"* 5,712",1095,1470,MARSHALL,Low Income Area/HPSA
35073,"* 2,671",1073,1360,JEFFERSON,Low Income Area
36744,"* 7,181",1065,1320,HALE,Low Income Area/HPSA
36037,"* 14,459",1013,1060,BUTLER,Low Income Area/HPSA
36451,"* 4,958",1025,1120,CLARKE,Low Income Area/HPSA
35975,"* 1,113",1049,1240,DE KALB,Low Income Area/HPSA
35563,"* 4,241",1093,1460,MARION,Low Income Area/HPSA
36542,"* 12,434",1003,1010,BALDWIN,Low Income Area/HPSA
35976,"* 16,611",1095,1470,MARSHALL,Low Income Area/HPSA
35748,"* 5,889",1089,1440,MADISON,Low Income Area/HPSA
35564,"* 2,485",1093,1460,MARION,Low Income Area/HPSA
35565,"* 13,579",1133,1660,WINSTON,Low Income Area/HPSA
35570,"* 10,936",1093,1460,MARION,Low Income Area/HPSA
35077,"* 13,318",1043,1210,CULLMAN,Low Income Area/HPSA
36039,* 425,1087,1430,MACON,Low Income Area/HPSA
35078,"* 2,619",1117,1580,SHELBY,Low Income Area
36344,"* 5,811",1061,1300,GENEVA,Low Income Area/HPSA
35640,"* 24,445",1103,1510,MORGAN,Low Income Area/HPSA
35749,"* 5,815",1089,1440,MADISON,HPSA
35749,* 5,1089,1440,MADISON,HPSA
36858,* 613,1113,1560,RUSSELL,Low Income Area/HPSA
35079,"* 8,702",1009,1040,BLOUNT,HPSA
36040,"* 4,020",1085,1420,LOWNDES,Low Income Area/HPSA
36345,* 168,1067,1330,HENRY,HPSA
36345,"* 6,169",1067,1330,HENRY,HPSA
36345,* 459,1067,1330,HENRY,HPSA
36264,"* 8,713",1029,1140,CLEBURNE,Low Income Area/HPSA
35978,"* 5,072",1049,1240,DE KALB,Low Income Area/HPSA
35979,"* 1,356",1049,1240,DE KALB,Low Income Area/HPSA
36041,"* 1,198",1041,1200,CRENSHAW,Low Income Area/HPSA
35643,"* 3,263",1079,1390,LAWRENCE,Low Income Area/HPSA
35571,* 951,1059,1290,FRANKLIN,Low Income Area/HPSA
35083,"* 2,911",1043,1210,CULLMAN,Low Income Area/HPSA
35751,* 295,1071,1350,JACKSON,Low Income Area/HPSA
35752,"* 2,089",1071,1350,JACKSON,Low Income Area/HPSA
36042,"* 1,128",1041,1200,CRENSHAW,Low Income Area/HPSA
36043,"* 3,708",1101,1500,MONTGOMERY,Low Income Area/HPSA
35980,"* 5,045",1095,1470,MARSHALL,Low Income Area/HPSA
35572,"* 1,171",1133,1660,WINSTON,Low Income Area/HPSA
35805,"* 23,301",1089,1440,MADISON,Low Income Area/HPSA
35810,"* 28,157",1089,1440,MADISON,Low Income Area/HPSA
35816,"* 15,584",1089,1440,MADISON,Low Income Area/HPSA
35808,"* 1,123",1089,1440,MADISON,Low Income Area
35898,* 823,1089,1440,MADISON,Low Income Area
35801,"* 6,840",1089,1440,MADISON,HPSA
35802,"* 1,431",1089,1440,MADISON,HPSA
35806,"* 6,699",1089,1440,MADISON,HPSA
35811,"* 7,282",1089,1440,MADISON,HPSA
36860,"* 1,424",1113,1560,RUSSELL,Low Income Area/HPSA
35981,"* 2,457",1049,1240,DE KALB,Low Income Area/HPSA
36544,"* 12,243",1097,1480,MOBILE,Low Income Area/HPSA
36910,* 120,1023,1110,CHOCTAW,Low Income Area/HPSA
36346,"* 1,914",1031,1150,COFFEE,Low Income Area
36545,"* 9,979",1025,1120,CLARKE,Low Income Area/HPSA
36861,"* 3,319",1123,1610,TALLAPOOSA,Low Income Area
36265,"* 21,212",1015,1070,CALHOUN,Low Income Area/HPSA
35501,"* 10,297",1127,1630,WALKER,Low Income Area/HPSA
35503,"* 8,820",1127,1630,WALKER,Low Income Area/HPSA
35504,"* 13,752",1127,1630,WALKER,Low Income Area/HPSA
35085,"* 8,974",1021,1100,CHILTON,Low Income Area/HPSA
36749,"* 1,016",1047,1230,DALLAS,Low Income Area/HPSA
35087,"* 1,939",1043,1210,CULLMAN,Low Income Area/HPSA
35089,"* 2,568",1037,1180,COOSA,Low Income Area/HPSA
35574,"* 1,272",1075,1370,LAMAR,Low Income Area/HPSA
35645,"* 12,325",1077,1380,LAUDERDALE,Low Income Area/HPSA
36453,"* 2,198",1031,1150,COFFEE,Low Income Area/HPSA
35469,* 434,1063,1310,GREENE,Low Income Area/HPSA
35754,"* 5,417",1103,1510,MORGAN,Low Income Area/HPSA
36862,"* 6,479",1017,1080,CHAMBERS,Low Income Area/HPSA
36863,"* 11,510",1017,1080,CHAMBERS,Low Income Area/HPSA
35755,* 572,1095,1470,MARSHALL,Low Income Area/HPSA
36046,"* 1,579",1041,1200,CRENSHAW,Low Income Area/HPSA
36793,* 589,1007,1030,BIBB,Low Income Area/HPSA
35094,"* 14,617",1073,1360,JEFFERSON,Low Income Area
35983,"* 3,725",1019,1090,CHEROKEE,Low Income Area/HPSA
35646,"* 4,679",1033,1160,COLBERT,Low Income Area
36454,* 521,1035,1170,CONECUH,Low Income Area/HPSA
36548,"* 1,049",1129,1640,WASHINGTON,Low Income Area/HPSA
35647,"* 1,145",1083,1410,LIMESTONE,HPSA
36047,"* 1,499",1085,1420,LOWNDES,Low Income Area/HPSA
35648,"* 3,728",1077,1380,LAUDERDALE,Low Income Area/HPSA
36549,"* 4,248",1003,1010,BALDWIN,Low Income Area/HPSA
35096,"* 7,555",1121,1600,TALLADEGA,Low Income Area/HPSA
36748,"* 3,616",1091,1450,MARENGO,Low Income Area/HPSA
36266,"* 5,315",1027,1130,CLAY,Low Income Area/HPSA
36912,"* 1,949",1023,1110,CHOCTAW,Low Income Area/HPSA
36550,* 323,1003,1010,BALDWIN,Low Income Area/HPSA
35470,"* 5,396",1119,1590,SUMTER,Low Income Area/HPSA
35097,"* 1,379",1009,1040,BLOUNT,Low Income Area/HPSA
35098,"* 1,376",1043,1210,CULLMAN,Low Income Area/HPSA
36048,"* 1,398",1005,1020,BARBOUR,Low Income Area/HPSA
36751,* 416,1099,1490,MONROE,Low Income Area/HPSA
36752,"* 1,353",1085,1420,LOWNDES,Low Income Area/HPSA
36551,"* 8,270",1003,1010,BALDWIN,Low Income Area/HPSA
36049,"* 5,634",1041,1200,CRENSHAW,Low Income Area/HPSA
35575,"* 1,197",1133,1660,WINSTON,Low Income Area/HPSA
35757,* 395,1089,1440,MADISON,HPSA
35756,"* 7,733",1083,1410,LIMESTONE,HPSA
36754,* 266,1091,1450,MARENGO,Low Income Area/HPSA
36555,* 544,1003,1010,BALDWIN,Low Income Area/HPSA
36349,* 105,1061,1300,GENEVA,Low Income Area/HPSA
36750,"* 2,878",1021,1100,CHILTON,Low Income Area/HPSA
36051,"* 2,298",1001,1000,AUTAUGA,Low Income Area/HPSA
36756,"* 6,942",1105,1520,PERRY,Low Income Area/HPSA
36759,"* 1,621",1047,1230,DALLAS,Low Income Area/HPSA
36052,* 964,1101,1500,MONTGOMERY,Low Income Area/HPSA
35111,* 195,1125,1620,TUSCALOOSA,HPSA
35111,"* 8,097",1125,1620,TUSCALOOSA,HPSA
36553,"* 4,589",1129,1640,WASHINGTON,Low Income Area/HPSA
36456,"* 1,173",1013,1060,BUTLER,Low Income Area/HPSA
35984,"* 1,738",1049,1240,DE KALB,Low Income Area/HPSA
36350,"* 8,456",1045,1220,DALE,Low Income Area/HPSA
36053,"* 2,009",1005,1020,BARBOUR,Low Income Area/HPSA
36054,"* 13,637",1051,1250,ELMORE,Low Income Area/HPSA
35576,"* 3,313",1075,1370,LAMAR,Low Income Area/HPSA
36558,"* 3,039",1129,1640,WASHINGTON,Low Income Area/HPSA
36761,"* 1,048",1047,1230,DALLAS,Low Income Area/HPSA
36602,"* 1,008",1097,1480,MOBILE,Low Income Area/HPSA
36603,"* 7,884",1097,1480,MOBILE,Low Income Area/HPSA
36604,"* 10,608",1097,1480,MOBILE,Low Income Area/HPSA
36605,"* 29,881",1097,1480,MOBILE,Low Income Area/HPSA
36606,"* 18,173",1097,1480,MOBILE,Low Income Area/HPSA
36607,"* 7,435",1097,1480,MOBILE,Low Income Area/HPSA
36608,"* 35,386",1097,1480,MOBILE,Low Income Area/HPSA
36609,"* 26,621",1097,1480,MOBILE,Low Income Area/HPSA
36610,"* 13,168",1097,1480,MOBILE,Low Income Area/HPSA
36611,"* 6,106",1097,1480,MOBILE,Low Income Area/HPSA
36612,"* 4,541",1097,1480,MOBILE,Low Income Area/HPSA
36615,* 446,1097,1480,MOBILE,Low Income Area/HPSA
36617,"* 14,035",1097,1480,MOBILE,Low Income Area/HPSA
36618,"* 17,318",1097,1480,MOBILE,Low Income Area/HPSA
36619,"* 14,777",1097,1480,MOBILE,Low Income Area/HPSA
36688,* 791,1097,1480,MOBILE,HPSA
36693,"* 18,451",1097,1480,MOBILE,HPSA
36695,"* 44,783",1097,1480,MOBILE,HPSA
36460,"* 11,651",1099,1490,MONROE,Low Income Area/HPSA
35115,"* 13,227",1117,1580,SHELBY,Low Income Area/HPSA
36104,"* 8,018",1101,1500,MONTGOMERY,Low Income Area/HPSA
36105,"* 12,411",1101,1500,MONTGOMERY,Low Income Area/HPSA
36107,"* 9,663",1101,1500,MONTGOMERY,Low Income Area/HPSA
36108,"* 20,929",1101,1500,MONTGOMERY,Low Income Area/HPSA
36110,"* 13,079",1101,1500,MONTGOMERY,Low Income Area/HPSA
36111,"* 12,471",1101,1500,MONTGOMERY,Low Income Area/HPSA
36114,* 265,1101,1500,MONTGOMERY,Low Income Area/HPSA
36115,* 358,1101,1500,MONTGOMERY,Low Income Area/HPSA
36116,"* 44,842",1101,1500,MONTGOMERY,Low Income Area/HPSA
36106,"* 16,219",1101,1500,MONTGOMERY,HPSA
36109,"* 24,874",1101,1500,MONTGOMERY,HPSA
36112,"* 1,623",1101,1500,MONTGOMERY,HPSA
36113,* 891,1101,1500,MONTGOMERY,HPSA
36117,"* 49,692",1101,1500,MONTGOMERY,HPSA
35650,"* 14,156",1079,1390,LAWRENCE,Low Income Area/HPSA
35474,"* 6,196",1065,1320,HALE,Low Income Area/HPSA
35651,"* 1,292",1079,1390,LAWRENCE,Low Income Area/HPSA
36560,"* 3,658",1097,1480,MOBILE,Low Income Area/HPSA
35118,"* 3,264",1073,1360,JEFFERSON,Low Income Area
36268,"* 5,283",1121,1600,TALLADEGA,Low Income Area/HPSA
36269,"* 1,440",1029,1140,CLEBURNE,Low Income Area/HPSA
35661,"* 16,718",1033,1160,COLBERT,Low Income Area
35578,"* 5,779",1127,1630,WALKER,Low Income Area/HPSA
36915,* 810,1023,1110,CHOCTAW,Low Income Area/HPSA
36351,"* 3,497",1031,1150,COFFEE,Low Income Area
35760,"* 5,236",1089,1440,MADISON,Low Income Area/HPSA
36765,"* 1,103",1065,1320,HALE,Low Income Area/HPSA
36352,"* 5,135",1069,1340,HOUSTON,Low Income Area/HPSA
36353,"* 2,216",1067,1330,HENRY,Low Income Area/HPSA
35476,"* 7,758",1125,1620,TUSCALOOSA,Low Income Area/HPSA
35473,"* 15,261",1125,1620,TUSCALOOSA,HPSA
35475,"* 14,380",1125,1620,TUSCALOOSA,HPSA
36866,"* 4,038",1087,1430,MACON,Low Income Area/HPSA
35579,"* 3,194",1127,1630,WALKER,Low Income Area/HPSA
36271,"* 6,058",1015,1070,CALHOUN,Low Income Area
35121,"* 15,470",1009,1040,BLOUNT,Low Income Area/HPSA
36801,"* 21,778",1081,1400,LEE,Low Income Area/HPSA
36804,"* 16,496",1081,1400,LEE,Low Income Area/HPSA
36467,"* 9,897",1039,1190,COVINGTON,Low Income Area/HPSA
36561,"* 5,939",1003,1010,BALDWIN,HPSA
36767,"* 1,933",1047,1230,DALLAS,Low Income Area/HPSA
36203,"* 18,962",1015,1070,CALHOUN,Low Income Area/HPSA
36360,"* 19,487",1045,1220,DALE,Low Income Area/HPSA
35764,* 452,1071,1350,JACKSON,Low Income Area/HPSA
36370,"* 1,018",1069,1340,HOUSTON,Low Income Area/HPSA
35580,"* 3,808",1127,1630,WALKER,Low Income Area/HPSA
35125,"* 10,390",1115,1570,ST. CLAIR,Low Income Area
35128,"* 11,294",1115,1570,ST. CLAIR,Low Income Area
36916,* 625,1023,1110,CHOCTAW,Low Income Area/HPSA
36562,"* 1,548",1003,1010,BALDWIN,Low Income Area/HPSA
36471,"* 1,232",1099,1490,MONROE,Low Income Area/HPSA
36867,"* 20,994",1113,1560,RUSSELL,Low Income Area/HPSA
36869,"* 19,872",1113,1560,RUSSELL,Low Income Area/HPSA
36870,"* 15,537",1081,1400,LEE,HPSA
36870,"* 3,771",1081,1400,LEE,HPSA
35581,"* 5,524",1059,1290,FRANKLIN,Low Income Area/HPSA
36272,"* 13,456",1015,1070,CALHOUN,Low Income Area/HPSA
36064,"* 6,298",1101,1500,MONTGOMERY,HPSA
36768,* 993,1131,1650,WILCOX,Low Income Area/HPSA
36769,"* 3,002",1131,1650,WILCOX,Low Income Area/HPSA
35126,* 476,1073,1360,JEFFERSON,HPSA
35765,"* 3,855",1071,1350,JACKSON,Low Income Area/HPSA
36871,"* 1,285",1113,1560,RUSSELL,Low Income Area/HPSA
36758,"* 1,311",1047,1230,DALLAS,Low Income Area/HPSA
36066,"* 19,422",1001,1000,AUTAUGA,HPSA
36067,"* 23,223",1001,1000,AUTAUGA,HPSA
36067,"* 3,581",1001,1000,AUTAUGA,HPSA
35766,* 164,1071,1350,JACKSON,Low Income Area/HPSA
35130,"* 3,145",1127,1630,WALKER,Low Income Area/HPSA
35131,"* 3,768",1115,1570,ST. CLAIR,Low Income Area
35986,"* 7,754",1049,1240,DE KALB,Low Income Area/HPSA
35480,* 24,1125,1620,TUSCALOOSA,HPSA
35480,"* 1,711",1125,1620,TUSCALOOSA,HPSA
36069,"* 1,770",1101,1500,MONTGOMERY,HPSA
36273,"* 2,866",1029,1140,CLEBURNE,Low Income Area/HPSA
36792,"* 1,072",1007,1030,BIBB,Low Income Area/HPSA
36473,* 236,1035,1170,CONECUH,Low Income Area/HPSA
35582,"* 4,322",1059,1290,FRANKLIN,Low Income Area/HPSA
36474,"* 2,086",1039,1190,COVINGTON,Low Income Area
35481,"* 3,684",1107,1530,PICKENS,Low Income Area/HPSA
35133,"* 4,033",1009,1040,BLOUNT,Low Income Area/HPSA
36475,"* 1,696",1035,1170,CONECUH,Low Income Area/HPSA
35135,"* 2,046",1115,1570,ST. CLAIR,Low Income Area
36274,"* 10,969",1111,1550,RANDOLPH,Low Income Area/HPSA
36567,"* 12,597",1003,1010,BALDWIN,Low Income Area/HPSA
35136,"* 1,848",1037,1180,COOSA,Low Income Area/HPSA
35652,* 62,1077,1380,LAUDERDALE,HPSA
35652,"* 8,196",1077,1380,LAUDERDALE,HPSA
35653,"* 11,064",1059,1290,FRANKLIN,Low Income Area/HPSA
35654,"* 8,754",1059,1290,FRANKLIN,Low Income Area/HPSA
36071,* 912,1041,1200,CRENSHAW,Low Income Area/HPSA
36773,* 430,1047,1230,DALLAS,Low Income Area/HPSA
36569,* 849,1129,1640,WASHINGTON,Low Income Area/HPSA
36874,"* 8,107",1081,1400,LEE,Low Income Area/HPSA
36477,"* 4,583",1061,1300,GENEVA,Low Income Area/HPSA
36571,"* 14,631",1097,1480,MOBILE,Low Income Area/HPSA
36775,* 803,1047,1230,DALLAS,Low Income Area/HPSA
36572,"* 6,219",1097,1480,MOBILE,HPSA
36776,"* 1,432",1065,1320,HALE,Low Income Area/HPSA
35768,"* 11,516",1071,1350,JACKSON,Low Income Area/HPSA
35769,"* 9,453",1071,1350,JACKSON,Low Income Area/HPSA
36875,"* 4,502",1113,1560,RUSSELL,Low Income Area/HPSA
35771,"* 3,604",1071,1350,JACKSON,Low Income Area/HPSA
36701,"* 23,646",1047,1230,DALLAS,Low Income Area/HPSA
36703,"* 13,694",1047,1230,DALLAS,Low Income Area/HPSA
36574,"* 1,341",1003,1010,BALDWIN,Low Income Area/HPSA
36575,"* 17,338",1097,1480,MOBILE,Low Income Area/HPSA
35660,"* 9,039",1033,1160,COLBERT,Low Income Area
35143,"* 3,132",1117,1580,SHELBY,Low Income Area
36075,"* 2,231",1087,1430,MACON,Low Income Area/HPSA
36373,* 980,1067,1330,HENRY,Low Income Area/HPSA
36919,"* 2,343",1023,1110,CHOCTAW,Low Income Area/HPSA
36576,"* 4,363",1003,1010,BALDWIN,HPSA
36374,"* 1,015",1045,1220,DALE,Low Income Area/HPSA
36375,"* 7,315",1061,1300,GENEVA,Low Income Area/HPSA
36877,"* 11,245",1081,1400,LEE,Low Income Area/HPSA
35670,"* 7,731",1103,1510,MORGAN,Low Income Area/HPSA
35146,* 927,1115,1570,ST. CLAIR,HPSA
35585,"* 1,606",1059,1290,FRANKLIN,Low Income Area/HPSA
36790,* 251,1021,1100,CHILTON,Low Income Area/HPSA
36578,"* 1,507",1003,1010,BALDWIN,Low Income Area
35772,"* 4,942",1071,1350,JACKSON,Low Income Area/HPSA
36579,"* 1,530",1003,1010,BALDWIN,Low Income Area/HPSA
35586,"* 4,336",1075,1370,LAMAR,Low Income Area/HPSA
35148,"* 2,527",1127,1630,WALKER,Low Income Area/HPSA
36580,"* 5,289",1003,1010,BALDWIN,Low Income Area/HPSA
36782,"* 2,374",1091,1450,MARENGO,Low Income Area/HPSA
35150,"* 18,946",1121,1600,TALLADEGA,Low Income Area/HPSA
35151,"* 8,326",1121,1600,TALLADEGA,Low Income Area/HPSA
35988,"* 2,271",1049,1240,DE KALB,Low Income Area/HPSA
35160,"* 27,423",1121,1600,TALLADEGA,Low Income Area/HPSA
36078,"* 13,403",1051,1250,ELMORE,Low Income Area/HPSA
35671,"* 1,881",1083,1410,LIMESTONE,Low Income Area/HPSA
36582,"* 24,063",1097,1480,MOBILE,Low Income Area/HPSA
36783,"* 1,039",1091,1450,MARENGO,Low Income Area/HPSA
36784,"* 8,176",1025,1120,CLARKE,Low Income Area/HPSA
35171,"* 3,631",1021,1100,CHILTON,Low Income Area/HPSA
36583,* 351,1129,1640,WASHINGTON,Low Income Area/HPSA
36080,* 8,1051,1250,ELMORE,HPSA
36080,"* 2,246",1051,1250,ELMORE,HPSA
35773,"* 12,812",1089,1440,MADISON,Low Income Area/HPSA
35672,"* 6,372",1079,1390,LAWRENCE,Low Income Area/HPSA
35587,* 909,1127,1630,WALKER,Low Income Area/HPSA
36921,"* 1,123",1023,1110,CHOCTAW,Low Income Area/HPSA
35172,"* 3,020",1009,1040,BLOUNT,Low Income Area/HPSA
35774,* 212,1071,1350,JACKSON,Low Income Area/HPSA
35673,"* 7,638",1079,1390,LAWRENCE,Low Income Area/HPSA
36081,"* 14,892",1109,1540,PIKE,Low Income Area/HPSA
36079,"* 10,463",1109,1540,PIKE,Low Income Area
36082,"* 1,254",1109,1540,PIKE,Low Income Area
35401,"* 39,590",1125,1620,TUSCALOOSA,Low Income Area/HPSA
35404,"* 21,381",1125,1620,TUSCALOOSA,Low Income Area/HPSA
35405,"* 37,571",1125,1620,TUSCALOOSA,Low Income Area/HPSA
35487,* 523,1125,1620,TUSCALOOSA,Low Income Area/HPSA
35406,"* 14,061",1125,1620,TUSCALOOSA,HPSA
35674,"* 18,156",1033,1160,COLBERT,Low Income Area/HPSA
36083,"* 10,120",1087,1430,MACON,Low Income Area/HPSA
36088,"* 4,075",1087,1430,MACON,Low Income Area/HPSA
36785,"* 1,101",1085,1420,LOWNDES,Low Income Area/HPSA
35175,"* 4,967",1095,1470,MARSHALL,Low Income Area/HPSA
36089,"* 9,126",1011,1050,BULLOCK,Low Income Area/HPSA
36786,"* 3,472",1105,1520,PERRY,Low Income Area/HPSA
36480,"* 1,614",1099,1490,MONROE,Low Income Area/HPSA
35775,* 585,1103,1510,MORGAN,Low Income Area/HPSA
36854,"* 14,760",1017,1080,CHAMBERS,Low Income Area/HPSA
35989,"* 3,521",1049,1240,DE KALB,Low Income Area/HPSA
35490,"* 3,956",1125,1620,TUSCALOOSA,HPSA
36091,"* 3,482",1021,1100,CHILTON,Low Income Area/HPSA
35592,"* 4,789",1075,1370,LAMAR,Low Income Area/HPSA
35593,"* 1,759",1059,1290,FRANKLIN,Low Income Area/HPSA
35178,"* 3,507",1117,1580,SHELBY,Low Income Area
36584,* 424,1129,1640,WASHINGTON,Low Income Area/HPSA
35179,"* 8,940",1043,1210,CULLMAN,Low Income Area/HPSA
36481,* 986,1099,1490,MONROE,Low Income Area/HPSA
36276,"* 2,549",1111,1550,RANDOLPH,Low Income Area/HPSA
36585,"* 1,613",1129,1640,WASHINGTON,Low Income Area/HPSA
36922,* 582,1023,1110,CHOCTAW,Low Income Area/HPSA
35180,"* 6,467",1073,1360,JEFFERSON,HPSA
35677,"* 1,917",1077,1380,LAUDERDALE,Low Income Area/HPSA
36879,"* 1,443",1081,1400,LEE,Low Income Area/HPSA
36277,"* 5,458",1015,1070,CALHOUN,Low Income Area
36376,"* 2,434",1069,1340,HOUSTON,Low Income Area/HPSA
36278,"* 4,297",1111,1550,RANDOLPH,Low Income Area/HPSA
36279,"* 2,393",1015,1070,CALHOUN,Low Income Area
35183,* 182,1037,1180,COOSA,Low Income Area/HPSA
35184,"* 5,890",1007,1030,BIBB,HPSA
35184,* 34,1007,1030,BIBB,HPSA
36092,"* 22,251",1051,1250,ELMORE,Low Income Area/HPSA
36093,"* 9,524",1051,1250,ELMORE,HPSA
36482,* 764,1025,1120,CLARKE,Low Income Area/HPSA
36587,"* 12,264",1097,1480,MOBILE,Low Income Area/HPSA
35186,"* 4,889",1117,1580,SHELBY,Low Income Area
35594,"* 7,793",1057,1280,FAYETTE,Low Income Area/HPSA
36483,"* 1,749",1039,1190,COVINGTON,Low Income Area/HPSA
36280,"* 3,801",1111,1550,RANDOLPH,Low Income Area/HPSA
35188,"* 2,690",1007,1030,BIBB,HPSA
35188,* 269,1007,1030,BIBB,HPSA
35776,"* 3,795",1071,1350,JACKSON,Low Income Area/HPSA
36925,"* 3,908",1119,1590,SUMTER,Low Income Area/HPSA
72001,* 723,5105,4520,PERRY,Low Income Area/HPSA
72410,* 575,5075,4370,LAWRENCE,Low Income Area/HPSA
72820,* 87,5047,4230,FRANKLIN,Low Income Area
72921,"* 14,155",5033,4160,CRAWFORD,Low Income Area
72003,* 739,5001,4000,ARKANSAS,Low Income Area/HPSA
72611,"* 1,763",5009,4040,BOONE,Low Income Area
72004,"* 1,297",5069,4340,JEFFERSON,Low Income Area/HPSA
72821,"* 1,699",5047,4230,FRANKLIN,Low Income Area
72005,* 323,5067,4330,JACKSON,Low Income Area
71921,"* 2,095",5019,4090,CLARK,Low Income Area/HPSA
71922,* 68,5109,4540,PIKE,Low Income Area/HPSA
71923,"* 14,888",5019,4090,CLARK,Low Income Area/HPSA
71998,* 838,5019,4090,CLARK,Low Income Area/HPSA
71999,* 706,5019,4090,CLARK,Low Income Area/HPSA
71630,* 12,5041,4200,DESHA,Low Income Area
72513,"* 2,088",5135,4670,SHARP,Low Income Area/HPSA
71822,"* 9,177",5081,4400,LITTLE RIVER,Low Income Area
72823,"* 6,514",5115,4570,POPE,Low Income Area/HPSA
72311,* 43,5077,4380,LEE,Low Income Area/HPSA
72006,"* 2,762",5147,4730,WOODRUFF,Low Income Area
72010,"* 6,619",5145,4720,WHITE,Low Income Area
71631,* 651,5011,4050,BRADLEY,Low Income Area
72923,"* 4,727",5131,4650,SEBASTIAN,Low Income Area
72313,* 35,5093,4460,MISSISSIPPI,Low Income Area
72501,"* 25,698",5063,4310,INDEPENDENCE,Low Income Area
72411,"* 2,297",5031,4150,CRAIGHEAD,Low Income Area
71720,"* 2,156",5103,4510,OUACHITA,Low Income Area/HPSA
72013,"* 1,916",5141,4700,VAN BUREN,Low Income Area/HPSA
72012,"* 12,343",5145,4720,WHITE,Low Income Area
72412,* 427,5055,4270,GREENE,Low Income Area
72014,* 107,5067,4330,JACKSON,Low Income Area
72824,* 891,5149,4740,YELL,Low Income Area
72015,"* 27,281",5125,4620,SALINE,Low Income Area
72712,"* 41,678",5007,4030,BENTON,Low Income Area/HPSA
72616,"* 10,360",5015,4070,CARROLL,Low Income Area
72515,* 191,5049,4240,FULTON,Low Income Area/HPSA
72617,* 198,5005,4020,BAXTER,Low Income Area
72016,"* 2,912",5105,4520,PERRY,Low Income Area/HPSA
72413,"* 1,062",5121,4600,RANDOLPH,Low Income Area/HPSA
72017,"* 1,272",5117,4580,PRAIRIE,Low Income Area/HPSA
71929,"* 4,217",5059,4290,HOT SPRING,Low Income Area/HPSA
72414,* 706,5031,4150,CRAIGHEAD,Low Income Area/HPSA
72415,"* 1,601",5075,4370,LAWRENCE,Low Income Area/HPSA
71825,* 920,5057,4280,HEMPSTEAD,Low Income Area/HPSA
72826,* 47,5083,4410,LOGAN,HPSA
71722,* 452,5099,4490,NEVADA,Low Income Area/HPSA
72827,* 160,5149,4740,YELL,Low Income Area
72315,"* 23,810",5093,4460,MISSISSIPPI,Low Income Area
72926,* 718,5127,4630,SCOTT,Low Income Area/HPSA
71933,"* 1,844",5059,4290,HOT SPRING,Low Income Area/HPSA
72416,"* 6,127",5031,4150,CRAIGHEAD,Low Income Area/HPSA
72927,"* 8,528",5083,4410,LOGAN,Low Income Area/HPSA
72020,"* 4,211",5067,4330,JACKSON,Low Income Area
71826,"* 1,819",5073,4360,LAFAYETTE,Low Income Area/HPSA
72928,* 888,5047,4230,FRANKLIN,Low Income Area/HPSA
72320,"* 1,866",5077,4380,LEE,Low Income Area/HPSA
72828,* 128,5149,4740,YELL,Low Income Area
72021,"* 4,637",5095,4470,MONROE,Low Income Area/HPSA
72517,* 712,5065,4320,IZARD,Low Income Area/HPSA
72417,"* 3,364",5031,4150,CRAIGHEAD,Low Income Area/HPSA
71827,* 944,5073,4360,LAFAYETTE,Low Income Area/HPSA
72619,"* 2,135",5089,4440,MARION,Low Income Area/HPSA
71935,"* 1,201",5097,4480,MONTGOMERY,Low Income Area/HPSA
71828,* 316,5099,4490,NEVADA,Low Income Area/HPSA
72519,"* 2,729",5005,4020,BAXTER,Low Income Area/HPSA
71701,"* 20,095",5103,4510,OUACHITA,Low Income Area/HPSA
72520,* 463,5049,4240,FULTON,Low Income Area/HPSA
72717,"* 1,140",5143,4710,WASHINGTON,Low Income Area
72419,"* 1,524",5031,4150,CRAIGHEAD,Low Income Area/HPSA
72024,"* 3,566",5085,4420,LONOKE,Low Income Area/HPSA
71725,* 886,5039,4190,DALLAS,Low Income Area/HPSA
72025,* 752,5105,4520,PERRY,Low Income Area/HPSA
72421,* 738,5031,4150,CRAIGHEAD,Low Income Area
72026,* 377,5001,4000,ARKANSAS,Low Income Area/HPSA
72521,"* 4,467",5135,4670,SHARP,Low Income Area/HPSA
72930,* 270,5047,4230,FRANKLIN,Low Income Area/HPSA
72932,"* 1,617",5033,4160,CRAWFORD,Low Income Area
72027,"* 1,713",5029,4140,CONWAY,Low Income Area/HPSA
72933,"* 4,819",5047,4230,FRANKLIN,Low Income Area/HPSA
72522,* 315,5063,4310,INDEPENDENCE,Low Income Area
72529,"* 4,897",5135,4670,SHARP,Low Income Area/HPSA
72324,"* 1,966",5037,4180,CROSS,Low Income Area
72934,* 953,5033,4160,CRAWFORD,Low Income Area
71726,"* 1,220",5103,4510,OUACHITA,Low Income Area/HPSA
72028,* 459,5141,4700,VAN BUREN,Low Income Area/HPSA
72029,"* 2,306",5095,4470,MONROE,Low Income Area/HPSA
72623,* 776,5005,4020,BAXTER,Low Income Area
72830,"* 16,606",5071,4350,JOHNSON,Low Income Area/HPSA
72030,* 466,5029,4140,CONWAY,Low Income Area/HPSA
72031,"* 6,981",5141,4700,VAN BUREN,Low Income Area/HPSA
72832,"* 1,377",5071,4350,JOHNSON,Low Income Area
72326,"* 2,475",5123,4610,ST. FRANCIS,Low Income Area/HPSA
71831,* 99,5057,4280,HEMPSTEAD,Low Income Area/HPSA
72721,* 591,5087,4430,MADISON,Low Income Area/HPSA
72624,* 223,5101,4500,NEWTON,Low Income Area
72523,"* 1,112",5023,4110,CLEBURNE,Low Income Area/HPSA
72032,"* 31,741",5045,4220,FAULKNER,Low Income Area/HPSA
72034,"* 44,505",5045,4220,FAULKNER,Low Income Area
72035,"* 1,457",5045,4220,FAULKNER,Low Income Area
72524,* 541,5063,4310,INDEPENDENCE,Low Income Area
72422,"* 4,924",5021,4100,CLAY,Low Income Area/HPSA
72626,"* 1,243",5005,4020,BAXTER,Low Income Area
72036,* 955,5147,4730,WOODRUFF,Low Income Area
71937,"* 2,083",5113,4560,POLK,Low Income Area/HPSA
72327,"* 1,735",5035,4170,CRITTENDEN,Low Income Area/HPSA
72038,* 45,5001,4000,ARKANSAS,Low Income Area/HPSA
71635,"* 12,283",5003,4010,ASHLEY,Low Income Area
72328,* 164,5107,4530,PHILLIPS,Low Income Area
72039,"* 1,115",5141,4700,VAN BUREN,Low Income Area/HPSA
72833,"* 4,298",5149,4740,YELL,Low Income Area
72834,"* 11,592",5149,4740,YELL,Low Income Area/HPSA
72424,* 61,5021,4100,CLAY,Low Income Area/HPSA
71832,"* 10,654",5133,4660,SEVIER,Low Income Area/HPSA
72041,"* 1,688",5117,4580,PRAIRIE,Low Income Area/HPSA
72042,"* 5,301",5001,4000,ARKANSAS,Low Income Area/HPSA
72722,"* 3,221",5007,4030,BENTON,Low Income Area
72628,"* 1,357",5101,4500,NEWTON,Low Income Area
72425,* 424,5055,4270,GREENE,Low Income Area
72835,* 911,5083,4410,LOGAN,Low Income Area/HPSA
71940,"* 1,850",5109,4540,PIKE,Low Income Area/HPSA
72426,* 295,5093,4460,MISSISSIPPI,Low Income Area
72629,"* 1,127",5141,4700,VAN BUREN,Low Income Area/HPSA
71638,"* 3,683",5017,4080,CHICOT,Low Income Area/HPSA
72040,"* 3,156",5117,4580,PRAIRIE,Low Income Area/HPSA
72527,* 446,5063,4310,INDEPENDENCE,Low Income Area
71833,"* 2,293",5061,4300,HOWARD,Low Income Area/HPSA
71834,"* 1,496",5091,4450,MILLER,Low Income Area
72528,* 436,5065,4320,IZARD,Low Income Area/HPSA
71941,"* 2,411",5059,4290,HOT SPRING,Low Income Area/HPSA
72837,"* 7,925",5115,4570,POPE,Low Income Area
72530,"* 1,983",5023,4110,CLEBURNE,Low Income Area/HPSA
71639,"* 5,782",5041,4200,DESHA,Low Income Area
72330,* 802,5093,4460,MISSISSIPPI,Low Income Area
72331,"* 3,164",5035,4170,CRITTENDEN,Low Income Area/HPSA
72044,* 889,5023,4110,CLEBURNE,HPSA
71730,"* 33,318",5139,4690,UNION,Low Income Area/HPSA
72045,* 985,5145,4720,WHITE,Low Income Area
72333,* 928,5107,4530,PHILLIPS,Low Income Area
72531,* 893,5005,4020,BAXTER,Low Income Area/HPSA
72727,"* 4,509",5087,4430,MADISON,Low Income Area/HPSA
71740,"* 1,759",5027,4130,COLUMBIA,Low Income Area/HPSA
71835,"* 1,543",5099,4490,NEVADA,Low Income Area/HPSA
72046,"* 4,426",5085,4420,LONOKE,Low Income Area/HPSA
72047,* 847,5045,4220,FAULKNER,Low Income Area/HPSA
72048,* 71,5001,4000,ARKANSAS,Low Income Area/HPSA
72428,* 406,5093,4460,MISSISSIPPI,Low Income Area
71640,"* 3,255",5017,4080,CHICOT,Low Income Area
72632,"* 4,432",5015,4070,CARROLL,Low Income Area/HPSA
72631,"* 3,910",5015,4070,CARROLL,Low Income Area
72729,* 275,5143,4710,WASHINGTON,Low Income Area
72532,"* 1,555",5135,4670,SHARP,Low Income Area/HPSA
72633,"* 1,377",5009,4040,BOONE,Low Income Area/HPSA
72088,"* 2,518",5141,4700,VAN BUREN,Low Income Area/HPSA
72730,"* 7,696",5143,4710,WASHINGTON,Low Income Area
72701,"* 40,671",5143,4710,WASHINGTON,Low Income Area/HPSA
72703,"* 26,927",5143,4710,WASHINGTON,Low Income Area
72704,"* 22,250",5143,4710,WASHINGTON,Low Income Area
72533,* 460,5137,4680,STONE,Low Income Area/HPSA
72429,* 475,5111,4550,POINSETT,Low Income Area/HPSA
72634,"* 4,478",5089,4440,MARION,Low Income Area/HPSA
72534,"* 1,331",5063,4310,INDEPENDENCE,Low Income Area/HPSA
71742,"* 5,205",5039,4190,DALLAS,Low Income Area/HPSA
71836,"* 2,690",5081,4400,LITTLE RIVER,Low Income Area
72335,"* 20,638",5123,4610,ST. FRANCIS,Low Income Area/HPSA
72901,"* 21,382",5131,4650,SEBASTIAN,Low Income Area
72903,"* 25,856",5131,4650,SEBASTIAN,Low Income Area
72904,"* 21,737",5131,4650,SEBASTIAN,Low Income Area
72905,* 292,5131,4650,SEBASTIAN,Low Income Area
72916,"* 7,551",5131,4650,SEBASTIAN,Low Income Area
71837,"* 7,487",5091,4450,MILLER,Low Income Area
71642,* 554,5003,4010,ASHLEY,Low Income Area/HPSA
72051,"* 1,139",5137,4680,STONE,Low Income Area/HPSA
72536,* 556,5065,4320,IZARD,Low Income Area/HPSA
72338,* 21,5093,4460,MISSISSIPPI,Low Income Area
71942,* 97,5059,4290,HOT SPRING,Low Income Area/HPSA
71838,"* 1,033",5057,4280,HEMPSTEAD,Low Income Area/HPSA
72537,* 805,5005,4020,BAXTER,Low Income Area
72732,"* 4,669",5007,4030,BENTON,Low Income Area/HPSA
72052,* 133,5145,4720,WHITE,Low Income Area
72635,"* 3,588",5005,4020,BAXTER,Low Income Area
72734,"* 7,734",5007,4030,BENTON,Low Income Area
72538,* 405,5049,4240,FULTON,Low Income Area/HPSA
72055,* 837,5001,4000,ARKANSAS,Low Income Area/HPSA
71841,* 900,5133,4660,SEVIER,Low Income Area/HPSA
72339,* 253,5035,4170,CRITTENDEN,Low Income Area/HPSA
72539,* 893,5049,4240,FULTON,Low Income Area/HPSA
71943,"* 5,172",5109,4540,PIKE,Low Income Area/HPSA
72340,* 98,5123,4610,ST. FRANCIS,Low Income Area/HPSA
71643,"* 4,449",5079,4390,LINCOLN,Low Income Area/HPSA
71644,"* 2,013",5079,4390,LINCOLN,Low Income Area/HPSA
71944,* 851,5113,4560,POLK,Low Income Area/HPSA
72838,* 128,5149,4740,YELL,Low Income Area
72736,"* 6,275",5007,4030,BENTON,Low Income Area
72638,"* 7,372",5015,4070,CARROLL,Low Income Area
72058,"* 16,552",5045,4220,FAULKNER,Low Income Area/HPSA
72430,* 413,5021,4100,CLAY,Low Income Area/HPSA
72060,* 583,5117,4580,PRAIRIE,Low Income Area
72540,* 269,5065,4320,IZARD,Low Income Area/HPSA
71743,"* 4,050",5019,4090,CLARK,Low Income Area/HPSA
72937,"* 3,855",5131,4650,SEBASTIAN,Low Income Area
72839,* 271,5071,4350,JOHNSON,Low Income Area
71646,"* 6,876",5003,4010,ASHLEY,Low Income Area/HPSA
71744,"* 3,401",5013,4060,CALHOUN,Low Income Area
72542,"* 3,521",5135,4670,SHARP,Low Income Area/HPSA
71745,* 719,5013,4060,CALHOUN,Low Income Area
72639,"* 1,021",5129,4640,SEARCY,Low Income Area
72432,"* 6,504",5111,4550,POINSETT,Low Income Area/HPSA
72601,"* 29,625",5009,4040,BOONE,Low Income Area/HPSA
72938,"* 1,331",5131,4650,SEBASTIAN,Low Income Area
72840,"* 1,138",5071,4350,JOHNSON,Low Income Area
72841,* 225,5127,4630,SCOTT,Low Income Area/HPSA
72640,* 268,5101,4500,NEWTON,Low Income Area
71945,"* 1,472",5113,4560,POLK,Low Income Area/HPSA
72063,"* 1,459",5029,4140,CONWAY,Low Income Area/HPSA
72842,"* 1,340",5149,4740,YELL,Low Income Area/HPSA
72064,"* 1,609",5117,4580,PRAIRIE,Low Income Area/HPSA
72543,"* 12,456",5023,4110,CLEBURNE,Low Income Area/HPSA
72843,"* 2,699",5115,4570,POPE,Low Income Area
72342,"* 5,270",5107,4530,PHILLIPS,Low Income Area
72544,* 635,5005,4020,BAXTER,Low Income Area
71647,"* 2,193",5011,4050,BRADLEY,Low Income Area
72346,* 671,5123,4610,ST. FRANCIS,Low Income Area/HPSA
72066,* 543,5117,4580,PRAIRIE,Low Income Area/HPSA
72347,* 704,5037,4180,CROSS,Low Income Area
72067,"* 2,454",5023,4110,CLEBURNE,Low Income Area/HPSA
72068,* 429,5145,4720,WHITE,Low Income Area
72738,"* 1,934",5087,4430,MADISON,Low Income Area/HPSA
72069,* 903,5095,4470,MONROE,Low Income Area/HPSA
71801,"* 16,738",5057,4280,HEMPSTEAD,Low Income Area/HPSA
71842,"* 2,917",5133,4660,SEVIER,Low Income Area/HPSA
72512,"* 3,250",5065,4320,IZARD,Low Income Area/HPSA
71901,"* 28,963",5051,4250,GARLAND,Low Income Area/HPSA
71913,"* 43,789",5051,4250,GARLAND,Low Income Area/HPSA
72070,"* 1,397",5105,4520,PERRY,Low Income Area/HPSA
72433,"* 3,258",5075,4370,LAWRENCE,Low Income Area/HPSA
72348,"* 2,575",5123,4610,ST. FRANCIS,Low Income Area/HPSA
72072,* 602,5085,4420,LONOKE,Low Income Area/HPSA
72073,"* 1,086",5001,4000,ARKANSAS,Low Income Area/HPSA
72940,"* 2,914",5131,4650,SEBASTIAN,Low Income Area
72740,"* 10,372",5087,4430,MADISON,Low Income Area/HPSA
71747,"* 1,045",5139,4690,UNION,Low Income Area/HPSA
72546,* 119,5023,4110,CLEBURNE,Low Income Area/HPSA
72434,"* 1,930",5121,4600,RANDOLPH,Low Income Area/HPSA
71748,* 280,5039,4190,DALLAS,Low Income Area/HPSA
72076,"* 38,080",5119,4590,PULASKI,Low Income Area
72641,"* 1,888",5101,4500,NEWTON,Low Income Area
72079,"* 1,236",5069,4340,JEFFERSON,Low Income Area
71651,* 185,5011,4050,BRADLEY,Low Income Area
72080,* 613,5141,4700,VAN BUREN,Low Income Area/HPSA
71949,"* 1,836",5051,4250,GARLAND,Low Income Area
72350,"* 1,219",5093,4460,MISSISSIPPI,Low Income Area
72105,* 10,5059,4290,HOT SPRING,Low Income Area/HPSA
72401,"* 53,770",5031,4150,CRAIGHEAD,Low Income Area
72081,"* 7,926",5145,4720,WHITE,Low Income Area
71749,"* 2,651",5139,4690,UNION,Low Income Area/HPSA
72351,* 898,5093,4460,MISSISSIPPI,Low Income Area
72082,"* 1,917",5145,4720,WHITE,Low Income Area
72083,* 126,5085,4420,LONOKE,HPSA
